Input_Prompt,List of titles,List of Contents
"[""Craft an article exploring the portrayal of social media platforms presented in an accordion format."", ""Compose an essay discussing artificial intelligence showcased in a collapsible manner."", ""Develop a piece discussing the exhibition of virtual reality in an accordion-style presentation."", ""Write about cloud computing presented in an accordion."", ""Analyze the portrayal of e-commerce platforms showcased in a collapsible format."", ""Discuss the exhibition of renewable energy sources in an accordion-style presentation."", ""Explore the portrayal of blockchain technology presented in an accordion."", ""Examine the depiction of augmented reality showcased in a collapsible format."", ""Discuss the exhibition of quantum computing in an accordion-style presentation."", ""Write about digital marketing presented in an accordion."", ""Craft an article exploring the depiction of social media platforms showcased in an accordion."",
    ""Compose an essay discussing artificial intelligence presented in a collapsible format."",
    ""Develop a piece analyzing the exhibition of virtual reality in an accordion-style layout."",
    ""Write about cloud computing displayed in an accordion presentation."",
    ""Analyze the portrayal of e-commerce platforms exhibited in a collapsible manner."",
    ""Discuss the demonstration of renewable energy sources in an accordion format."",
    ""Explore the portrayal of blockchain technology organized in an accordion-style showcase."",
    ""Examine the depiction of augmented reality displayed in a collapsible presentation."",
    ""Discuss the exhibition of quantum computing in an accordion arrangement."",
    ""Write about digital marketing showcased in a collapsible format."", ""Craft an article discussing the portrayal of social media platforms arranged in an accordion-style format."", ""Compose an essay exploring artificial intelligence exhibited in a collapsible presentation."", ""Develop a piece analyzing the exhibition of virtual reality in an accordion display."", ""Write about cloud computing organized in an accordion presentation."", ""Analyze the portrayal of e-commerce platforms presented in a collapsible showcase."", ""Discuss the demonstration of renewable energy sources in an accordion-style exhibition."", ""Explore the portrayal of blockchain technology showcased in an accordion setup."", ""Examine the depiction of augmented reality arranged in a collapsible manner."", ""Discuss the exhibition of quantum computing in an accordion-style setup."", ""Write about digital marketing presented in an accordion arrangement."", ""Craft an article discussing the portrayal of social media platforms in an accordion presentation."", ""Compose an essay exploring artificial intelligence exhibited in a collapsible manner."", ""Develop a piece analyzing the exhibition of virtual reality in an accordion-style setup."", ""Write about cloud computing organized in an accordion format."", ""Analyze the portrayal of e-commerce platforms presented in a collapsible format."", ""Discuss the demonstration of renewable energy sources in an accordion-style presentation."", ""Explore the portrayal of blockchain technology showcased in an accordion display."", ""Examine the depiction of augmented reality arranged in a collapsible presentation."", ""Discuss the exhibition of quantum computing in an accordion format."", ""Write about digital marketing presented in a collapsible accordion setup."", ""Craft an article discussing the portrayal of social media platforms arranged in an accordion format."", ""Compose an essay exploring artificial intelligence exhibited in a collapsible presentation."", ""Develop a piece analyzing the exhibition of virtual reality in an accordion-style display."", ""Write about cloud computing organized in an accordion presentation."", ""Analyze the portrayal of e-commerce platforms presented in a collapsible showcase."", ""Discuss the demonstration of renewable energy sources in an accordion-style exhibition."", ""Explore the portrayal of blockchain technology showcased in an accordion setup."", ""Examine the depiction of augmented reality arranged in a collapsible manner."", ""Discuss the exhibition of quantum computing in an accordion-style setup."", ""Write about digital marketing presented in an accordion arrangement."", ""Craft an article discussing the portrayal of social media platforms in an accordion presentation."", ""Compose an essay exploring artificial intelligence exhibited in a collapsible manner."", ""Develop a piece analyzing the exhibition of virtual reality in an accordion-style setup."", ""Write about cloud computing organized in an accordion format."", ""Analyze the portrayal of e-commerce platforms presented in a collapsible format."", ""Discuss the demonstration of renewable energy sources in an accordion-style presentation."", ""Explore the portrayal of blockchain technology showcased in an accordion display."", ""Examine the depiction of augmented reality arranged in a collapsible presentation."", ""Discuss the exhibition of quantum computing in an accordion format."", ""Write about digital marketing presented in a collapsible accordion setup."",  ""Craft an article discussing the portrayal of social media platforms arranged in an accordion format."", ""Compose an essay exploring artificial intelligence exhibited in a collapsible presentation."", ""Develop a piece analyzing the exhibition of virtual reality in an accordion-style display."", ""Write about cloud computing organized in an accordion presentation."", ""Analyze the portrayal of e-commerce platforms presented in a collapsible showcase."", ""Discuss the demonstration of renewable energy sources in an accordion-style exhibition."", ""Explore the portrayal of blockchain technology showcased in an accordion setup."", ""Examine the depiction of augmented reality arranged in a collapsible manner."", ""Discuss the exhibition of quantum computing in an accordion-style setup."", ""Write about digital marketing presented in an accordion arrangement."", ""Craft an article discussing the portrayal of social media platforms in an accordion presentation."", ""Compose an essay exploring artificial intelligence exhibited in a collapsible manner."", ""Develop a piece analyzing the exhibition of virtual reality in an accordion-style setup."", ""Write about cloud computing organized in an accordion format."", ""Analyze the portrayal of e-commerce platforms presented in a collapsible format."", ""Discuss the demonstration of renewable energy sources in an accordion-style presentation."", ""Explore the portrayal of blockchain technology showcased in an accordion display."", ""Examine the depiction of augmented reality arranged in a collapsible presentation."", ""Discuss the exhibition of quantum computing in an accordion format."", ""Write about digital marketing presented in a collapsible accordion setup."", ""Craft an article discussing the portrayal of social media platforms arranged in an accordion format."", ""Compose an essay exploring artificial intelligence exhibited in a collapsible presentation."", ""Develop a piece analyzing the exhibition of virtual reality in an accordion-style display."", ""Write about cloud computing organized in an accordion presentation."", ""Analyze the portrayal of e-commerce platforms presented in a collapsible showcase."", ""Discuss the demonstration of renewable energy sources in an accordion-style exhibition."", ""Explore the portrayal of blockchain technology showcased in an accordion setup."", ""Examine the depiction of augmented reality arranged in a collapsible manner."", ""Discuss the exhibition of quantum computing in an accordion-style setup."", ""Write about digital marketing presented in an accordion arrangement."", ""Craft an article discussing the portrayal of social media platforms in an accordion presentation."", ""Compose an essay exploring artificial intelligence exhibited in a collapsible manner."", ""Develop a piece analyzing the exhibition of virtual reality in an accordion-style setup."", ""Write about cloud computing organized in an accordion format."", ""Analyze the portrayal of e-commerce platforms presented in a collapsible format."", ""Discuss the demonstration of renewable energy sources in an accordion-style presentation""]","[""social media platforms"", ""artificial intelligence"", ""virtual reality"", ""cloud computing"", ""e-commerce platforms"", ""renewable energy sources"", ""blockchain technology"", ""augmented reality"", ""quantum computing"", ""digital marketing""]","[ ""Navigating the digital landscape, one's online haven intertwines with the vast network of connectivity, where virtual boundaries blur and redefine the essence of human interaction."", ""Blockchain technology, the decentralized backbone of digital transactions, promises transparency and security in a world of distrust and centralized control, ushering in a new era of peer-to-peer empowerment."", ""Streaming platforms, the modern stage for entertainment and storytelling, democratize content creation and consumption, yet raise questions about artistic integrity and fair compensation in the digital age."", ""Artificial intelligence, the cognitive powerhouse of the digital realm, augments human potential and accelerates innovation, yet sparks debates on ethics and the future of labor."", ""In the ever-expanding universe of digital information, the quest for knowledge becomes both boundless and overwhelming, as individuals navigate through a sea of data, seeking meaning amidst the noise."", ""Virtual reality, the immersive frontier of digital experience, transcends physical limitations to transport users to fantastical realms, yet challenges notions of reality and identity."", ""Cryptocurrency, the decentralized currency of the digital era, disrupts traditional financial systems and empowers individuals with newfound economic autonomy, while also facing scrutiny over volatility and regulatory concerns."", ""The Internet of Things, the interconnected web of smart devices, promises unprecedented convenience and efficiency in daily life, yet raises concerns about privacy and security vulnerabilities."", ""Data analytics, the cornerstone of digital decision-making, unlocks insights and predictions from vast datasets, reshaping industries and empowering informed strategies."", ""Cybersecurity, the guardian of digital assets, wages an endless battle against cyber threats and vulnerabilities, safeguarding personal privacy and organizational integrity in an increasingly connected world."", ""Augmented reality, the symbiotic blend of digital and physical realities, enriches experiences and enhances human perception, blurring the line between the tangible and the virtual."", ""Digital literacy, the essential skill set of the 21st century, empowers individuals to navigate the complexities of the digital landscape, fostering critical thinking and responsible digital citizenship."", ""The gig economy, the digital marketplace of on-demand services, offers flexibility and autonomy to workers, yet raises concerns about job security and labor rights in an era of precarious employment."", ""Machine learning, the engine of digital intelligence, drives automation and personalization across various sectors, yet grapples with issues of bias and transparency in algorithmic decision-making."", ""Quantum computing, the frontier of computational power, holds the promise of revolutionizing fields from cryptography to drug discovery, yet faces challenges in scalability and error correction."", ""Digital surveillance, the ubiquitous presence of monitoring technologies, raises debates about privacy and civil liberties in an era of heightened security concerns and mass data collection."", ""The sharing economy, the digital marketplace of collaborative consumption, fosters community and resource optimization, yet prompts questions about regulatory oversight and worker protections."", ""Bioinformatics, the fusion of biology and informatics, drives breakthroughs in genomic research and personalized medicine, revolutionizing healthcare delivery and disease management."", ""Digital nomadism, the lifestyle of remote work and travel, embodies freedom and adventure in the digital age, yet confronts challenges of work-life balance and social isolation."", ""The quantified self movement, the practice of self-tracking and analysis using digital technologies, offers insights into personal health and behavior patterns, yet raises concerns about data privacy and algorithmic determinism."", ""Online activism, the digital frontier of social change, amplifies voices and mobilizes communities for advocacy and awareness, yet grapples with issues of censorship and online harassment."", ""Edge computing, the distributed paradigm of processing data at the network edge, reduces latency and enhances scalability for IoT applications, yet poses challenges in interoperability and security."", ""Digital detox, the practice of unplugging from digital devices, offers respite from the constant connectedness of modern life, yet highlights addiction and dependency on technology."", ""Neuromorphic computing, the emulation of biological neural networks in hardware, promises energy-efficient and brain-inspired computing, yet faces hurdles in scalability and programming complexity."", ""The attention economy, the competition for user attention in the digital marketplace, drives innovation in content creation and advertising, yet raises concerns about information overload and manipulation."", ""Digital sovereignty, the assertion of national control over digital data and infrastructure, safeguards against external influence and surveillance, yet risks fragmenting the global internet and stifling innovation."", ""The long tail economy, the phenomenon of niche markets flourishing in the digital era, empowers small producers and consumers with diverse tastes, yet challenges traditional models of distribution and marketing."", ""Digital colonialism, the exploitation of digital resources and markets by dominant powers, perpetuates inequalities in access and control over information, perpetuating historical patterns of exploitation and dependency."", ""The attention economy, the competition for user attention in the digital marketplace, drives innovation in content creation and advertising, yet raises concerns about information overload and manipulation."", ""Digital sovereignty, the assertion of national control over digital data and infrastructure, safeguards against external influence and surveillance, yet risks fragmenting the global internet and stifling innovation."" ]"
