Input_Prompt,Heading_Name,Heading_URL
"[ ""Craft an engaging heading: 'Unlocking the Mystery: This is a Heading'"", ""Imagine a heading titled 'Focused Attention: Person 1'"", ""Create a captivating heading: 'Savoring the Experience: How to Cook Food'"", ""Develop an intriguing heading: 'Discovering the Core: This is a Heading'"", ""Design a dynamic heading: 'Spotlight on Success: Person 1'"", ""Craft a compelling heading: 'Elevating Gastronomy: How to Cook Food'"", ""Construct an inspiring heading: 'Journey into Knowledge: This is a Heading'"", ""Formulate a motivating heading: 'Championing Excellence: Person 1'"", ""Design an insightful heading: 'Culinary Chronicles: How to Cook Food'"", ""Craft a thought-provoking heading: 'Unraveling Complexity: This is a Heading'"", ""Create a captivating heading: 'Persona Defined: Person 1'"", ""Develop a stimulating heading: 'Culinary Conquests: How to Cook Food'"", ""Formulate an engaging heading: 'Pioneering Innovation: This is a Heading'"", ""Design an evocative heading: 'Persona Revealed: Person 1'"", ""Craft a compelling heading: 'Culinary Craftsmanship: How to Cook Food'"", ""Construct an enlightening heading: 'Diving into Discovery: This is a Heading'"", ""Formulate an enriching heading: 'Exemplifying Excellence: Person 1'"", ""Create an enticing heading: 'Sensational Culinary Sensations: How to Cook Food'"", ""Develop a captivating heading: 'Exploring Untold Realms: This is a Heading'"", ""Design an illuminating heading: 'Persona Portrait: Person 1'"", ""Craft a mesmerizing heading: 'Tasting Tales: How to Cook Food'"", ""Construct a spellbinding heading: 'Revelation Unveiled: This is a Heading'"", ""Formulate a riveting heading: 'Persona Perceived: Person 1'"", ""Create a magnetic heading: 'Savoring Sensations: How to Cook Food'"", ""Develop an arresting heading: 'Quest for Knowledge: This is a Heading'"", ""Design an enthralling heading: 'Persona Persona: Person 1'"", ""Craft a captivating heading: 'Culinary Creativity Unleashed: How to Cook Food'"", ""Construct a captivating heading: 'Journey into Discovery: This is a Heading'"", ""Formulate an intriguing heading: 'Persona Profile: Person 1'"", ""Create a compelling heading: 'Savoring Success: How to Cook Food'"", ""Develop an engaging heading: 'Unraveling the Enigma: This is a Heading'"", ""Design a mesmerizing heading: 'Persona Perspective: Person 1'"", ""Craft an inspiring heading: 'Culinary Adventures Await: How to Cook Food'"", ""Construct an enlightening heading: 'Embarking on Exploration: This is a Heading'"", ""Formulate an intriguing heading: 'Persona Unveiled: Person 1'"", ""Create an evocative heading: 'Tantalizing Tastes: How to Cook Food'"", ""Develop a captivating heading: 'Journey into the Unknown: This is a Heading'"", ""Design a compelling heading: 'Persona Portrait: Person 1'"", ""Craft an enticing heading: 'Culinary Conquests: How to Cook Food'"", ""Construct a captivating heading: 'Delving into Discovery: This is a Heading'"", ""Formulate an illuminating heading: 'Persona Personified: Person 1'"", ""Create an intriguing heading: 'Savoring Success: How to Cook Food'"", ""Develop an inspiring heading: 'Unraveling the Mystery: This is a Heading'"", ""Design a captivating heading: 'Persona's Path: Person 1'"", ""Craft a captivating heading: 'Culinary Creations Unleashed: How to Cook Food'"", ""Construct an engaging heading: 'Journey into Enlightenment: This is a Heading'"", ""Formulate a thought-provoking heading: 'Persona Profound: Person 1'"", ""Create a captivating heading: 'Sensational Delights: How to Cook Food'"", ""Develop an inspiring heading: 'Unveiling the Unknown: This is a Heading'"", ""Design a mesmerizing heading: 'Persona's Perspective: Person 1'"", ""Craft an enticing heading: 'Culinary Adventures Awaits: How to Cook Food'"", ""Construct a captivating heading: 'Diving into Discovery: This is a Heading'"", ""Formulate a captivating heading: 'Persona in Focus: Person 1'"", ""Create an illuminating heading: 'Savoring Culinary Success: How to Cook Food'"" ]","[
    ""Discovering the Magic Within: A Journey of Self-Exploration"",
    ""Navigating the Unknown: Strategies for Overcoming Adversity"",
    ""Breaking Boundaries: Innovation in Technology and Science"",
    ""Lost in Translation: Exploring the Beauty of Multilingualism"",
    ""The Art of Mindfulness: Cultivating Peace in a Hectic World"",
    ""Eco-Friendly Living: Sustainable Practices for a Greener Future"",
    ""Culinary Adventures: Exploring Exotic Flavors Across Continents"",
    ""Unraveling the Mysteries of the Universe: A Cosmic Exploration"",
    ""Mastering the Brushstroke: A Guide to Fine Art Painting"",
    ""Solving the Puzzle: Strategies for Critical Thinking"",
    ""Dancing Through Life: Embracing Movement and Expression"",
    ""Whispers in the Wind: Poetry and Prose from the Soul"",
    ""Beyond the Horizon: Tales of Adventure and Discovery"",
    ""The Power of Positivity: Cultivating a Mindset of Success"",
    ""Innovation in Education: Transforming Learning for Tomorrow"",
    ""Capturing Moments: The Art of Photography"",
    ""Journey to Wellness: Holistic Health and Healing"",
    ""A Symphony of Flavors: Exploring the World of Gourmet Cuisine"",
    ""Exploring the Depths: Deep Sea Diving and Marine Conservation"",
    ""The Road Less Traveled: Adventures Off the Beaten Path"",
    ""From Pixels to Paint: Exploring Digital Artistry"",
    ""Tales of Triumph: Stories of Resilience and Strength"",
    ""Into the Wilderness: Survival Skills for Outdoor Enthusiasts"",
    ""The Soundtrack of Life: Exploring Music Across Cultures"",
    ""Threads of Tradition: A Cultural Exploration of Textiles"",
    ""The Language of the Stars: Astronomy and Astrophysics"",
    ""Sculpting the Future: Innovations in 3D Printing Technology"",
    ""Redefining Beauty: Embracing Diversity in Fashion"",
    ""Trekking Through Time: Archaeological Adventures"",
    ""The Healing Touch: Holistic Therapies for Mind and Body"",
    ""Beyond the Canvas: Street Art and Graffiti Culture"",
    ""Raising the Bar: Mixology and Craft Cocktails"",
    ""Chasing Waterfalls: Adventures in Nature Photography"",
    ""Finding Harmony: Exploring the World of Feng Shui"",
    ""The Power of Play: Gamification in Education and Business"",
    ""Flavors of the East: Exploring Asian Cuisine"",
    ""Wonders of the Microscopic World: Microbiology and Nanotechnology"",
    ""Riding the Waves: Surfing and Ocean Conservation"",
    ""Savoring Silence: The Art of Meditation"",
    ""Behind the Lens: Documentary Filmmaking"",
    ""The Thrill of the Climb: Rock Climbing Adventures"",
    ""Stories Untold: Oral Traditions and Folklore"",
    ""Feathers and Flight: Bird Watching and Conservation"",
    ""Tasting History: Culinary Heritage and Traditional Recipes"",
    ""In the Footsteps of Giants: Exploring Ancient Civilizations"",
    ""The Pulse of the City: Urban Exploration and Street Photography"",
    ""Guardians of the Wild: Wildlife Conservation Efforts"",
    ""Beyond the Page: Exploring Interactive Storytelling"",
    ""Sustainable Fashion: Ethical Choices for a Stylish Future"",
    ""Charting the Stars: Celestial Navigation and Astronomy"",
    ""The Zen of Gardening: Cultivating Tranquility in Nature"",
    ""Journeys of the Heart: Love Stories Across Cultures"",
    ""Forging Ahead: Blacksmithing and Metalworking"",
    ""The World in a Drop: Microscopic Photography"",
    ""Crafting Dreams: DIY Projects for Creative Minds"",
    ""Whispers of the Past: Historical Fiction and Time Travel"",
    ""The Essence of Tea: Exploring Tea Cultures Around the World"",
    ""Sailing into the Sunset: Nautical Adventures and Seamanship""
]","[""www.google.com"",""www.amazon.com"",""www.linkedin.com"",""www.facebook.com"",""www.twitter.com"",""www.instagram.com"",""www.youtube.com"",""www.wikipedia.org"",""www.reddit.com"",""www.github.com"",""www.whatsapp.com"",""www.spotify.com"",""www.apple.com"",""www.microsoft.com"",""www.adobe.com"",""www.yahoo.com"",""www.bing.com"",""www.mozilla.org"",""www.ebay.com"",""www.discord.com"",""www.twitch.tv"",""www.wordpress.com"",""www.gmail.com"",""www.mail.yahoo.com"",""www.outlook.com"",""www.slack.com"",""www.zoom.us"",""www.google.com"",""www.slack.com"",""www.whatsapp.com"",""www.google.com"",""www.facebook.com"",""www.instagram.com"",""www.twitter.com"",""www.linkedin.com"",""www.reddit.com"",""www.github.com"",""www.stackoverflow.com"",""www.medium.com"",""www.spotify.com"",""www.youtube.com"",""www.pinterest.com"",""www.wikipedia.org"",""www.discord.com"",""www.twitch.tv"",""www.whatsapp.com"",""www.zoom.us"",""www.yahoo.com"",""www.bing.com"",""www.mozilla.org"",""www.ebay.com"",""www.twitter.com"",""www.google.com"",""www.facebook.com"",""www.instagram.com"",""www.linkedin.com"",""www.reddit.com"",""www.github.com"",""www.stackoverflow.com"",""www.medium.com"",""www.youtube.com"",""www.pinterest.com"",""www.twitch.tv"",""www.whatsapp.com"",""www.discord.com"",""www.zoom.us"",""www.yahoo.com"",""www.bing.com"",""www.ebay.com"",""www.mozilla.org"",""www.google.com"",""www.facebook.com"",""www.instagram.com"",""www.linkedin.com"",""www.reddit.com"",""www.github.com"",""www.stackoverflow.com"",""www.medium.com"",""www.youtube.com"",""www.pinterest.com"",""www.twitch.tv"",""www.whatsapp.com"",""www.discord.com"",""www.zoom.us"",""www.yahoo.com"",""www.bing.com"",""www.ebay.com"",""www.mozilla.org"",""www.google.com"",""www.facebook.com"",""www.instagram.com"",""www.linkedin.com"",""www.reddit.com""]"
